{
  "hash": "1e128642",
  "configHash": "9c0f6a29",
  "lockfileHash": "b3d01b82",
  "browserHash": "e70c5a14",
  "optimized": {
    "@angular/common": {
      "src": "../../../../../node_modules/@angular/common/fesm2022/common.mjs",
      "file": "@angular_common.js",
      "fileHash": "abeb1b14",
      "needsInterop": false
    },
    "@angular/common/http": {
      "src": "../../../../../node_modules/@angular/common/fesm2022/http.mjs",
      "file": "@angular_common_http.js",
      "fileHash": "d6dd5222",
      "needsInterop": false
    },
    "@angular/core": {
      "src": "../../../../../node_modules/@angular/core/fesm2022/core.mjs",
      "file": "@angular_core.js",
      "fileHash": "f71b3131",
      "needsInterop": false
    },
    "@angular/forms": {
      "src": "../../../../../node_modules/@angular/forms/fesm2022/forms.mjs",
      "file": "@angular_forms.js",
      "fileHash": "19fa2dd2",
      "needsInterop": false
    },
    "@angular/platform-browser": {
      "src": "../../../../../node_modules/@angular/platform-browser/fesm2022/platform-browser.mjs",
      "file": "@angular_platform-browser.js",
      "fileHash": "33946966",
      "needsInterop": false
    },
    "@angular/router": {
      "src": "../../../../../node_modules/@angular/router/fesm2022/router.mjs",
      "file": "@angular_router.js",
      "fileHash": "7a7e2289",
      "needsInterop": false
    },
    "html2canvas": {
      "src": "../../../../../node_modules/html2canvas/dist/html2canvas.esm.js",
      "file": "html2canvas.js",
      "fileHash": "3591d621",
      "needsInterop": false
    },
    "jspdf": {
      "src": "../../../../../node_modules/jspdf/dist/jspdf.es.min.js",
      "file": "jspdf.js",
      "fileHash": "284679bb",
      "needsInterop": false
    }
  },
  "chunks": {
    "purify.es-KCTOFWUV": {
      "file": "purify__es-KCTOFWUV.js"
    },
    "index.es-YJI6AJYS": {
      "file": "index__es-YJI6AJYS.js"
    },
    "chunk-KFTWSAIQ": {
      "file": "chunk-KFTWSAIQ.js"
    },
    "chunk-UMXKHIZH": {
      "file": "chunk-UMXKHIZH.js"
    },
    "chunk-WIXLLAEP": {
      "file": "chunk-WIXLLAEP.js"
    },
    "chunk-22OPI5UU": {
      "file": "chunk-22OPI5UU.js"
    },
    "chunk-777Q3C7W": {
      "file": "chunk-777Q3C7W.js"
    },
    "chunk-ASLTLD6L": {
      "file": "chunk-ASLTLD6L.js"
    }
  }
}